timestamp,event_type,transfer_category,file_name,src_path,dest_path,dest_type,file_size_kb,username,violation_reason,severity,integrity_ok
2026-05-27 16:29:17,modified,edit,confidential.docx.txt,D:\UNIFIED MENTORS\Secure-File-Transfer-Monitoring-System\test_watch\confidential.docx.txt,,local,0.02,aryan,Unlisted user 'aryan' performed a file transfer,MEDIUM,True
2026-05-27 16:29:20,modified,edit,confidential.docx.txt,D:\UNIFIED MENTORS\Secure-File-Transfer-Monitoring-System\test_watch\confidential.docx.txt,,local,0.02,aryan,Unlisted user 'aryan' performed a file transfer,MEDIUM,True
2026-05-27 16:29:23,modified,edit,confidential.docx.txt,D:\UNIFIED MENTORS\Secure-File-Transfer-Monitoring-System\test_watch\confidential.docx.txt,,local,0.02,aryan,Integrity hash mismatch — possible tampering: D:\UNIFIED MENTORS\Secure-File-Transfer-Monitoring-System\test_watch\confidential.docx.txt | Unlisted user 'aryan' performed a file transfer,CRITICAL,False
2026-05-27 16:29:23,modified,edit,confidential.docx.txt,D:\UNIFIED MENTORS\Secure-File-Transfer-Monitoring-System\test_watch\confidential.docx.txt,,local,0.02,aryan,Integrity hash mismatch — possible tampering: D:\UNIFIED MENTORS\Secure-File-Transfer-Monitoring-System\test_watch\confidential.docx.txt | Unlisted user 'aryan' performed a file transfer,CRITICAL,False
2026-05-27 16:29:27,modified,edit,confidential.docx.txt,D:\UNIFIED MENTORS\Secure-File-Transfer-Monitoring-System\test_watch\confidential.docx.txt,,local,0.03,aryan,Integrity hash mismatch — possible tampering: D:\UNIFIED MENTORS\Secure-File-Transfer-Monitoring-System\test_watch\confidential.docx.txt | Unlisted user 'aryan' performed a file transfer,CRITICAL,False
2026-05-27 16:29:27,modified,edit,confidential.docx.txt,D:\UNIFIED MENTORS\Secure-File-Transfer-Monitoring-System\test_watch\confidential.docx.txt,,local,0.03,aryan,Integrity hash mismatch — possible tampering: D:\UNIFIED MENTORS\Secure-File-Transfer-Monitoring-System\test_watch\confidential.docx.txt | Unlisted user 'aryan' performed a file transfer,CRITICAL,False
2026-05-27 16:29:28,modified,edit,confidential.docx.txt,D:\UNIFIED MENTORS\Secure-File-Transfer-Monitoring-System\test_watch\confidential.docx.txt,,local,0.03,aryan,Integrity hash mismatch — possible tampering: D:\UNIFIED MENTORS\Secure-File-Transfer-Monitoring-System\test_watch\confidential.docx.txt | Unlisted user 'aryan' performed a file transfer,CRITICAL,False
2026-05-27 16:29:28,modified,edit,confidential.docx.txt,D:\UNIFIED MENTORS\Secure-File-Transfer-Monitoring-System\test_watch\confidential.docx.txt,,local,0.03,aryan,Integrity hash mismatch — possible tampering: D:\UNIFIED MENTORS\Secure-File-Transfer-Monitoring-System\test_watch\confidential.docx.txt | Unlisted user 'aryan' performed a file transfer,CRITICAL,False
2026-05-27 17:51:50,modified,edit,confidential.docx.txt,D:\UNIFIED MENTORS\Secure-File-Transfer-Monitoring-System\test_watch\confidential.docx.txt,,local,0.03,aryan,Integrity hash mismatch — possible tampering: D:\UNIFIED MENTORS\Secure-File-Transfer-Monitoring-System\test_watch\confidential.docx.txt | Unlisted user 'aryan' performed a file transfer,CRITICAL,False
2026-05-27 17:52:06,modified,edit,confidential.docx.txt,D:\UNIFIED MENTORS\Secure-File-Transfer-Monitoring-System\test_watch\confidential.docx.txt,,local,0.04,aryan,Integrity hash mismatch — possible tampering: D:\UNIFIED MENTORS\Secure-File-Transfer-Monitoring-System\test_watch\confidential.docx.txt | Unlisted user 'aryan' performed a file transfer,CRITICAL,False
